{
    "models_pca": {
        "SVM": {
            "top-5 accuracy": 0.9123425692695214,
            "accuracy": 0.6246851385390428,
            "recall": 0.6246851385390428,
            "precision": 0.6079225490019929,
            "f1-score": 0.6076022118082828,
            "auc-roc": 0.9376602483414155,
            "inference_time_sec": 2.9981865882873535
        },
        "RBF": {
            "top-5 accuracy": 0.9173803526448363,
            "accuracy": 0.6448362720403022,
            "recall": 0.6448362720403022,
            "precision": 0.5894686007687375,
            "f1-score": 0.595426109653062,
            "auc-roc": 0.9401180297237414,
            "inference_time_sec": 5.123868465423584
        },
        "Random Forest": {
            "top-5 accuracy": 0.8443324937027707,
            "accuracy": 0.44080604534005036,
            "recall": 0.44080604534005036,
            "precision": 0.3116080944158967,
            "f1-score": 0.3019783822751438,
            "auc-roc": 0.9244378012615658,
            "inference_time_sec": 0.04985690116882324
        },
        "Naive Bayes": {
            "top-5 accuracy": 0.8634760705289672,
            "accuracy": 0.5556675062972293,
            "recall": 0.5556675062972293,
            "precision": 0.60037098713879,
            "f1-score": 0.5598542199524164,
            "auc-roc": 0.8728997730653822,
            "inference_time_sec": 0.24823260307312012
        },
        "Logistic Regression": {
            "top-5 accuracy": 0.8811083123425693,
            "accuracy": 0.617632241813602,
            "recall": 0.617632241813602,
            "precision": 0.6087084978584373,
            "f1-score": 0.6065729342020427,
            "auc-roc": 0.924726129150037,
            "inference_time_sec": 0.012445449829101562
        },
        "LDA": {
            "top-5 accuracy": 0.8977329974811084,
            "accuracy": 0.5889168765743074,
            "recall": 0.5889168765743074,
            "precision": 0.6221409006998165,
            "f1-score": 0.5862809785597358,
            "auc-roc": 0.8924446499984459,
            "inference_time_sec": 0.0060155391693115234
        },
        "KNN": {
            "top-5 accuracy": 0.7934508816120907,
            "accuracy": 0.6151133501259446,
            "recall": 0.6151133501259446,
            "precision": 0.5743176422078716,
            "f1-score": 0.583123513359876,
            "auc-roc": 0.8566588911564984,
            "inference_time_sec": 0.14014506340026855
        },
        "Decision Tree": {
            "top-5 accuracy": 0.4221662468513854,
            "accuracy": 0.4125944584382871,
            "recall": 0.4125944584382871,
            "precision": 0.4184137682225397,
            "f1-score": 0.41223895279549766,
            "auc-roc": 0.6669826455107973,
            "inference_time_sec": 0.0010843276977539062
        },
        "AdaBoost": {
            "top-5 accuracy": 0.6085642317380353,
            "accuracy": 0.3612090680100756,
            "recall": 0.3612090680100756,
            "precision": 0.13860469478535828,
            "f1-score": 0.19365583860082694,
            "auc-roc": 0.8019889203809039,
            "inference_time_sec": 0.04188656806945801
        },
        "Gradient Boosting": {
            "top-5 accuracy": 0.745088161209068,
            "accuracy": 0.46700251889168765,
            "recall": 0.46700251889168765,
            "precision": 0.43136658709544345,
            "f1-score": 0.4384078701932947,
            "auc-roc": 0.7925719522263934,
            "inference_time_sec": 0.0557401180267334
        },
        "XGBoost": {
            "top-5 accuracy": 0.8644836272040303,
            "accuracy": 0.6025188916876574,
            "recall": 0.6025188916876574,
            "precision": 0.5600452056470854,
            "f1-score": 0.555606848839155,
            "auc-roc": 0.9255008282713016,
            "inference_time_sec": 0.0323328971862793
        }
    },
    "models_lime": {
        "SVM": {
            "top-5 accuracy": 0.9118387909319899,
            "accuracy": 0.6246851385390428,
            "recall": 0.6246851385390428,
            "precision": 0.6079225490019929,
            "f1-score": 0.6076022118082828,
            "auc-roc": 0.9378998224278456,
            "inference_time_sec": 2.913395404815674
        },
        "RBF": {
            "top-5 accuracy": 0.9198992443324937,
            "accuracy": 0.6448362720403022,
            "recall": 0.6448362720403022,
            "precision": 0.5894686007687375,
            "f1-score": 0.595426109653062,
            "auc-roc": 0.9400555302390242,
            "inference_time_sec": 4.960919618606567
        },
        "Random Forest": {
            "top-5 accuracy": 0.8443324937027707,
            "accuracy": 0.44080604534005036,
            "recall": 0.44080604534005036,
            "precision": 0.3116080944158967,
            "f1-score": 0.3019783822751438,
            "auc-roc": 0.9244378012615658,
            "inference_time_sec": 0.054480552673339844
        },
        "Naive Bayes": {
            "top-5 accuracy": 0.8634760705289672,
            "accuracy": 0.5556675062972293,
            "recall": 0.5556675062972293,
            "precision": 0.60037098713879,
            "f1-score": 0.5598542199524164,
            "auc-roc": 0.8728997730653822,
            "inference_time_sec": 0.2025151252746582
        },
        "Logistic Regression": {
            "top-5 accuracy": 0.8811083123425693,
            "accuracy": 0.617632241813602,
            "recall": 0.617632241813602,
            "precision": 0.6087084978584373,
            "f1-score": 0.6065729342020427,
            "auc-roc": 0.924726129150037,
            "inference_time_sec": 0.019388914108276367
        },
        "LDA": {
            "top-5 accuracy": 0.8977329974811084,
            "accuracy": 0.5889168765743074,
            "recall": 0.5889168765743074,
            "precision": 0.6221409006998165,
            "f1-score": 0.5862809785597358,
            "auc-roc": 0.8924446499984459,
            "inference_time_sec": 0.008629560470581055
        },
        "KNN": {
            "top-5 accuracy": 0.7934508816120907,
            "accuracy": 0.6151133501259446,
            "recall": 0.6151133501259446,
            "precision": 0.5743176422078716,
            "f1-score": 0.583123513359876,
            "auc-roc": 0.8566588911564984,
            "inference_time_sec": 0.1222684383392334
        },
        "Decision Tree": {
            "top-5 accuracy": 0.4221662468513854,
            "accuracy": 0.4125944584382871,
            "recall": 0.4125944584382871,
            "precision": 0.4184137682225397,
            "f1-score": 0.41223895279549766,
            "auc-roc": 0.6669826455107973,
            "inference_time_sec": 0.0011391639709472656
        },
        "AdaBoost": {
            "top-5 accuracy": 0.6085642317380353,
            "accuracy": 0.3612090680100756,
            "recall": 0.3612090680100756,
            "precision": 0.13860469478535828,
            "f1-score": 0.19365583860082694,
            "auc-roc": 0.8019889203809039,
            "inference_time_sec": 0.0424494743347168
        },
        "Gradient Boosting": {
            "top-5 accuracy": 0.7420654911838791,
            "accuracy": 0.4690176322418136,
            "recall": 0.4690176322418136,
            "precision": 0.44371620761403957,
            "f1-score": 0.44493569575972763,
            "auc-roc": 0.7909308133134856,
            "inference_time_sec": 0.0479583740234375
        },
        "XGBoost": {
            "top-5 accuracy": 0.8644836272040303,
            "accuracy": 0.6025188916876574,
            "recall": 0.6025188916876574,
            "precision": 0.5600452056470854,
            "f1-score": 0.555606848839155,
            "auc-roc": 0.9255008282713016,
            "inference_time_sec": 0.0252687931060791
        }
    }
}