{
    "models_pca_cal": {
        "SVM": {
            "top-5 accuracy": 0.9163727959697733,
            "accuracy": 0.655919395465995,
            "recall": 0.655919395465995,
            "precision": 0.6250814920066304,
            "f1-score": 0.6220343226842922,
            "auc-roc": 0.9437474152727684,
            "inference_time_sec": 5.49863600730896
        },
        "RBF": {
            "top-5 accuracy": 0.9103274559193955,
            "accuracy": 0.6513853904282116,
            "recall": 0.6513853904282116,
            "precision": 0.6072468768840931,
            "f1-score": 0.6051952532428966,
            "auc-roc": 0.937454149108533,
            "inference_time_sec": 10.096024513244629
        },
        "Random Forest": {
            "top-5 accuracy": 0.8811083123425693,
            "accuracy": 0.6105793450881613,
            "recall": 0.6105793450881613,
            "precision": 0.5452858337582385,
            "f1-score": 0.5539330981720257,
            "auc-roc": 0.925684766420255,
            "inference_time_sec": 0.17301177978515625
        },
        "Naive Bayes": {
            "top-5 accuracy": 0.8634760705289672,
            "accuracy": 0.5556675062972293,
            "recall": 0.5556675062972293,
            "precision": 0.60037098713879,
            "f1-score": 0.5598542199524164,
            "auc-roc": 0.8728997730653822,
            "inference_time_sec": 0.28969621658325195
        },
        "Logistic Regression": {
            "top-5 accuracy": 0.8795969773299748,
            "accuracy": 0.618639798488665,
            "recall": 0.618639798488665,
            "precision": 0.6102530129357371,
            "f1-score": 0.6078990350182403,
            "auc-roc": 0.9241240541863668,
            "inference_time_sec": 0.011533260345458984
        },
        "LDA": {
            "top-5 accuracy": 0.8977329974811084,
            "accuracy": 0.5889168765743074,
            "recall": 0.5889168765743074,
            "precision": 0.6221409006998165,
            "f1-score": 0.5862809785597358,
            "auc-roc": 0.8924430645434104,
            "inference_time_sec": 0.007867097854614258
        },
        "KNN": {
            "top-5 accuracy": 0.8599496221662468,
            "accuracy": 0.6292191435768262,
            "recall": 0.6292191435768262,
            "precision": 0.5749701725008887,
            "f1-score": 0.5825593106619272,
            "auc-roc": 0.901595085436179,
            "inference_time_sec": 0.34441614151000977
        },
        "Decision Tree": {
            "top-5 accuracy": 0.7012594458438287,
            "accuracy": 0.4690176322418136,
            "recall": 0.4690176322418136,
            "precision": 0.35907402724566806,
            "f1-score": 0.3452126859346924,
            "auc-roc": 0.8006679511684729,
            "inference_time_sec": 0.02019953727722168
        },
        "AdaBoost": {
            "top-5 accuracy": 0.6765743073047858,
            "accuracy": 0.4095717884130982,
            "recall": 0.4095717884130982,
            "precision": 0.19003449786441792,
            "f1-score": 0.25131111927359023,
            "auc-roc": 0.8382202218794276,
            "inference_time_sec": 0.17517685890197754
        },
        "Gradient Boosting": {
            "top-5 accuracy": 0.7904282115869018,
            "accuracy": 0.5375314861460957,
            "recall": 0.5375314861460957,
            "precision": 0.45010845017479206,
            "f1-score": 0.4601031798493476,
            "auc-roc": 0.892182035454468,
            "inference_time_sec": 0.42156982421875
        },
        "XGBoost": {
            "top-5 accuracy": 0.8775818639798488,
            "accuracy": 0.6216624685138539,
            "recall": 0.6216624685138539,
            "precision": 0.5765254450168131,
            "f1-score": 0.5785119357471481,
            "auc-roc": 0.9283263038055413,
            "inference_time_sec": 0.1068868637084961
        }
    },
    "models_lime_cal": {
        "SVM": {
            "top-5 accuracy": 0.9012594458438287,
            "accuracy": 0.6397984886649875,
            "recall": 0.6397984886649875,
            "precision": 0.6072250978010023,
            "f1-score": 0.60485654676927,
            "auc-roc": 0.9349861959817536,
            "inference_time_sec": 3.6958210468292236
        },
        "RBF": {
            "top-5 accuracy": 0.8997481108312343,
            "accuracy": 0.6397984886649875,
            "recall": 0.6397984886649875,
            "precision": 0.5914899501191555,
            "f1-score": 0.5902788998241069,
            "auc-roc": 0.9333915069766192,
            "inference_time_sec": 5.817230701446533
        },
        "Random Forest": {
            "top-5 accuracy": 0.8685138539042822,
            "accuracy": 0.6045340050377834,
            "recall": 0.6045340050377834,
            "precision": 0.5429685014743448,
            "f1-score": 0.5482402590994213,
            "auc-roc": 0.9251584254604194,
            "inference_time_sec": 0.1719059944152832
        },
        "Naive Bayes": {
            "top-5 accuracy": 0.8750629722921914,
            "accuracy": 0.4448362720403023,
            "recall": 0.4448362720403023,
            "precision": 0.5669301933199764,
            "f1-score": 0.44394854087924035,
            "auc-roc": 0.8631914239904789,
            "inference_time_sec": 0.06820011138916016
        },
        "Logistic Regression": {
            "top-5 accuracy": 0.8483627204030226,
            "accuracy": 0.5783375314861461,
            "recall": 0.5783375314861461,
            "precision": 0.5683116919036025,
            "f1-score": 0.5689648740249765,
            "auc-roc": 0.9168181579065252,
            "inference_time_sec": 0.0020530223846435547
        },
        "LDA": {
            "top-5 accuracy": 0.8947103274559194,
            "accuracy": 0.5390428211586902,
            "recall": 0.5390428211586902,
            "precision": 0.6042931513056736,
            "f1-score": 0.5405168271968418,
            "auc-roc": 0.8893045191867055,
            "inference_time_sec": 0.001157999038696289
        },
        "KNN": {
            "top-5 accuracy": 0.8508816120906801,
            "accuracy": 0.6181360201511334,
            "recall": 0.6181360201511334,
            "precision": 0.5778743311883008,
            "f1-score": 0.5681555367054911,
            "auc-roc": 0.8989406870812157,
            "inference_time_sec": 0.14949917793273926
        },
        "Decision Tree": {
            "top-5 accuracy": 0.6221662468513854,
            "accuracy": 0.39093198992443323,
            "recall": 0.39093198992443323,
            "precision": 0.22492489971079394,
            "f1-score": 0.23921246077612496,
            "auc-roc": 0.7514444782290537,
            "inference_time_sec": 0.01759195327758789
        },
        "AdaBoost": {
            "top-5 accuracy": 0.6428211586901763,
            "accuracy": 0.3783375314861461,
            "recall": 0.3783375314861461,
            "precision": 0.16142663429009135,
            "f1-score": 0.21874694474760945,
            "auc-roc": 0.7690603403855856,
            "inference_time_sec": 0.12279391288757324
        },
        "Gradient Boosting": {
            "top-5 accuracy": 0.783375314861461,
            "accuracy": 0.5138539042821159,
            "recall": 0.5138539042821159,
            "precision": 0.43034904998625995,
            "f1-score": 0.4350853329305407,
            "auc-roc": 0.8936497451193681,
            "inference_time_sec": 0.16367793083190918
        },
        "XGBoost": {
            "top-5 accuracy": 0.8780856423173804,
            "accuracy": 0.6146095717884131,
            "recall": 0.6146095717884131,
            "precision": 0.5599626676912909,
            "f1-score": 0.5682588931289048,
            "auc-roc": 0.929973699685597,
            "inference_time_sec": 0.10966992378234863
        }
    }
}